ID;Jugado;Recargas;Visitas;Sin_actividad;Edad;Tiempo_juego;Nivel;Sexo
1;16.09;10;2;0;23;25;1;0
2;91.35;36;2;0;22;18;1;0
3;105.18;30;2;0;33;28;1;1
4;114.75;25;2;0;28;19;1;1
5;135.63;15;2;0;22;89;1;0
6;153.54;60;2;0;58;43;1;0
7;162.09;13;2;0;46;40;1;1
8;176.12;40;2;0;43;50;1;1
9;191.53;20;2;0;50;40;1;1
10;212.6;100;2;0;64;16;1;0
11;231.63;45;2;0;37;84;1;0
12;242.99;75;2;0;24;72;1;1
13;250.83;60;2;0;53;41;1;0
14;284.88;115;2;0;46;48;1;0
15;285.95;60;2;0;20;15;1;0
16;288.57;100;2;0;20;58;1;0
17;294.8;70;2;0;31;27;1;1
18;327.26;90;2;0;42;42;1;0
19;340.3;51;2;0;34;31;1;1
20;369.42;90;2;0;30;78;1;0
21;400.09;90;2;0;56;82;1;0
22;462.75;60;2;0;51;28;1;1
23;483.05;100;2;0;29;133;1;0
24;504.05;350;2;0;56;46;1;0
25;564.6;170;2;0;39;39;1;0
26;571.5;130;2;0;36;44;1;0
27;619.03;150;2;0;52;58;1;0
28;675.15;60;2;0;32;57;1;0
29;734.85;290;2;0;29;88;1;0
30;771.39;90;2;0;58;147;1;1
31;783.38;110;2;0;40;105;1;0
32;842.08;180;2;0;72;49;1;0
33;857.49;170;2;0;21;118;1;0
34;888.97;80;2;0;46;93;1;0
35;1004.9;350;2;0;60;107;1;0
36;1051.3;250;2;0;26;129;1;1
37;1187.52;100;2;0;60;307;1;0
38;1193.15;380;2;0;36;33;1;0
39;1270.95;520;2;0;36;66;1;0
40;1295.76;170;2;0;28;177;1;1
41;1311.68;290;2;0;30;108;1;0
42;8864.79;1490;2;1;39;111;1;0
43;11148.4;1080;2;1;45;366;1;0
44;69.05;30;3;1;21;12;1;0
45;87.14;25;3;1;41;17;1;0
46;151.39;25;3;1;29;30;1;1
47;769.24;180;3;1;26;51;1;0
48;846.62;330;3;1;35;39;1;0
49;999.01;335;3;1;18;96;1;1
50;1457.64;430;3;1;75;137;1;0
51;1526.59;120;3;1;29;139;1;0
52;1911.35;550;3;1;60;178;1;0
53;2754.45;210;3;1;24;139;1;0
54;3307.23;550;3;1;36;137;1;1
55;4270.18;940;3;1;45;175;1;0
56;6122.15;2100;3;1;30;50;1;1
57;6128.25;900;3;1;68;197;1;1
58;9228.72;2180;3;1;59;161;1;1
59;18472.31;3470;3;1;42;133;2;0
60;81.82;30;4;1;76;17;1;0
61;213.92;80;4;1;36;81;1;1
62;241.74;50;4;1;37;31;1;0
63;301.03;65;4;1;32;29;1;1
64;343.95;101.3;4;1;42;18;1;0
65;378.7;60;4;1;27;21;1;0
66;465.05;290;4;1;19;29;1;0
67;593.05;197;4;1;42;48;1;0
68;696.47;281;4;1;27;71;1;0
69;726.08;180;4;1;32;56;1;0
70;780.43;330;4;1;48;75;1;0
71;864.44;180;4;1;43;66;1;0
72;1530.37;230;4;1;75;133;1;0
73;1563.33;370;4;1;49;44;1;0
74;1650.27;503.3;4;1;44;124;1;1
75;1704.4;320;4;1;61;64;1;0
76;1835.71;60;4;1;36;71;1;1
77;2327.32;560;4;1;41;79;1;0
78;2334.45;340;4;1;43;66;1;0
79;2401.22;1340;4;1;39;47;1;1
80;5272.25;1401.1;4;1;41;144;1;0
81;13083.42;759;4;1;53;383;2;0
82;475.25;80;5;1;70;55;1;1
83;658.12;160;5;1;32;54;1;0
84;947.37;222;5;1;29;63;1;0
85;1823.59;550;5;1;46;104;1;0
86;2371.75;680;5;1;42;84;1;0
87;2426.74;400;5;1;45;155;1;0
88;2550.53;810;5;1;64;102;1;1
89;2929.46;480;5;1;27;87;1;0
90;3631.4;590;5;1;38;122;1;1
91;18127.35;3390;5;1;48;130;2;0
92;28299.02;4220;5;1;52;286;2;0
93;188.12;80;6;1;61;20;1;0
94;350.25;85;6;1;23;91;1;0
95;515.65;95;6;1;56;44;1;1
96;570.25;185;6;1;43;43;1;1
97;1113.48;330;6;1;33;66;1;0
98;1683.3;250;6;1;23;47;1;1
99;2829.96;850;6;1;31;65;1;0
100;3790.69;1190;6;1;55;50;1;0
101;4655.9;1120;6;1;33;44;1;0
102;5334.93;1420;6;1;50;78;1;0
103;5761.44;1630;6;1;33;132;1;0
104;6087.73;1320;6;1;64;167;1;0
105;13917.45;1489;6;1;37;152;1;1
106;1017.38;309.5;7;1;85;93;1;0
107;1751.36;550;7;1;34;63;1;0
108;1807.45;263;7;1;33;86;1;0
109;1882.16;455;7;1;28;90;1;0
110;2140.33;525;7;1;31;77;1;0
111;2416.5;590;7;1;43;26;1;0
112;2903.17;554;7;1;64;67;1;1
113;2968.45;740;7;1;44;98;1;1
114;3583.51;1110;7;1;33;48;1;0
115;5071.43;890;7;1;26;104;1;1
116;5211.32;1340;7;1;59;243;1;0
117;5390.8;1150;7;1;49;81;1;1
118;5951;3010;7;1;35;96;1;0
119;11191.98;2074;7;1;88;310;1;1
120;11957.05;1130;7;1;36;114;1;0
121;12140.09;2640;7;1;38;113;1;0
122;14391.35;3990;7;1;44;67;1;0
123;29692.23;9257;7;1;63;220;2;1
124;405.92;140;8;1;65;46;1;0
125;1143.39;388;8;1;66;52;1;1
126;1196.31;159;8;1;53;55;1;1
127;1420.5;253;8;1;41;126;1;1
128;1556.17;435;8;1;39;43;1;1
129;1772.29;520;8;1;54;127;1;0
130;1801.82;410;8;1;43;56;1;0
131;3519.53;860;8;1;48;96;1;0
132;3683.72;1026;8;1;42;67;1;0
133;4670.91;1080;8;1;36;34;1;1
134;7011.1;1610;8;1;43;192;1;0
135;7341.64;1710;8;1;37;178;1;0
136;8900.3;2470;8;1;39;123;1;1
137;700.87;126;9;1;19;59;1;1
138;1489;276;9;1;69;125;1;1
139;2185.91;468;9;1;28;83;1;1
140;2653.41;755;9;1;38;77;1;0
141;4885.02;608;9;1;36;326;1;0
142;5033.91;768;9;1;52;163;1;1
143;6018.89;1047.5;9;1;40;78;1;0
144;7014.89;1350;9;1;68;143;1;0
145;9321.15;2830;9;1;56;142;1;0
146;37005.81;6605;9;1;41;248;2;1
147;371.12;150;10;1;62;19;1;0
148;986.1;145.8;10;1;18;64;1;0
149;1474.1;188.5;10;1;19;88;1;0
150;1744.37;341;10;1;57;63;1;0
151;3355.54;516;10;1;74;114;1;1
152;4007.43;1305;10;1;44;110;1;0
153;4870.47;1393;10;1;45;74;1;1
154;7857.34;1490;10;1;34;80;1;0
155;3668.16;533;11;1;29;148;1;0
156;3742.03;882;11;1;49;117;1;1
157;4443.67;1140;11;1;60;151;1;0
158;15594.44;2518;11;1;43;155;1;0
159;16982.45;1936;11;1;38;153;2;0
160;17792.79;3410;11;1;47;87;2;1
161;20537.53;2515;11;1;32;243;2;0
162;25955.07;7570;11;1;53;87;2;0
163;2867.08;417;12;1;31;69;1;0
164;3160.2;930;12;1;47;37;1;0
165;8356.55;2850;12;1;42;199;1;0
166;11379.46;1151;12;1;58;231;1;0
167;13863.85;2752;12;1;27;184;1;1
168;15534.14;3450;12;1;24;85;1;0
169;14246.95;3583.2;12;1;55;291;2;1
170;22079.97;2107;12;1;63;269;2;1
171;28440.11;3790.5;12;1;55;300;2;1
172;659.76;120;13;1;55;36;1;1
173;17104.09;3480;13;1;31;167;1;0
174;1237.69;230;14;1;51;74;1;0
175;5219.85;592;14;1;61;233;1;0
176;6948.76;1367;14;1;28;76;1;0
177;7206.53;690;14;1;26;133;1;0
178;25249.39;2757;14;1;35;322;2;0
179;1127.27;186;15;1;77;66;1;1
180;1745.79;567;15;1;21;44;1;0
181;1876.18;335;15;1;41;91;1;1
182;2910.6;1034.5;15;1;42;50;1;0
183;7370.38;1890;15;1;53;126;1;1
184;28713.46;4409;15;1;49;121;2;0
185;962.2;275;16;1;62;27;1;0
186;967.86;244;16;1;61;45;1;0
187;5853.47;720;16;1;44;83;1;0
188;2059.57;294;17;1;68;90;1;0
189;13805.28;2571;17;1;23;193;1;0
190;2953.64;945;18;1;55;30;1;0
191;3226.19;900;18;1;22;33;1;0
192;4006.64;700;18;1;44;43;1;0
193;24785.34;4890;18;1;37;214;2;0
194;3649.67;662;19;1;45;85;1;1
195;4306.9;357;19;1;31;102;1;0
196;11180.27;1770.04;19;1;54;168;1;0
197;17775.24;2440;19;1;45;89;1;0
198;30575.39;6121;19;1;49;226;2;0
199;11128.02;3220;20;1;58;80;1;1
200;28097.4;5090;20;1;27;141;2;0
201;6029.44;1299;21;1;44;104;1;1
202;4311.99;1296;22;1;28;82;1;1
203;27597.65;3530;22;1;54;227;2;0
204;6097.79;2210;23;1;69;75;1;0
205;20860.79;2180.8;23;1;50;75;1;0
206;21493.46;2885;24;1;39;176;2;1
207;38984.72;5040;25;1;44;76;1;0
208;28340.62;5220;25;1;53;119;2;1
209;29998.94;5400;25;1;43;113;2;0
210;36001.16;8035;26;1;51;143;2;0
211;2980.78;1140;27;1;54;37;1;0
212;19376.06;3809;27;1;72;168;2;1
213;25551.32;6013;27;1;34;192;2;0
214;7173.35;2795;28;1;32;80;1;1
215;1789.1;503;30;1;48;36;1;0
216;15008.36;2557;30;1;50;105;1;0
217;17066.42;2630.9;31;1;52;149;1;1
218;35393.44;6419.03;31;1;55;232;2;0
219;40268.92;7753.01;32;1;60;288;2;0
220;20647.41;7139.09;33;1;65;110;2;1
221;22683.91;3438;33;1;63;243;2;0
222;35853.75;4490;33;1;57;281;2;0
223;17800.84;2795;35;1;74;214;2;1
224;22668.8;5960;35;1;68;85;2;0
225;11708.53;2435;38;1;52;95;1;0
226;19469.76;3232;41;1;48;136;2;1
227;49983.2;9962;46;1;52;384;2;0
228;40396.25;6740;54;1;49;94;2;0
229;38.9;10;2;2;33;7;1;0
230;61.75;40;2;2;22;6;1;1
231;75.65;30;2;2;41;11;1;0
232;98.71;60;2;2;44;20;1;1
233;295.22;100;2;2;36;44;1;0
234;420.71;150;2;2;42;34;1;1
235;425.42;120;2;2;39;76;1;1
236;447.61;80;2;2;49;63;1;0
237;543.65;120;2;2;79;248;1;1
238;563.54;105;2;2;56;66;1;1
239;657.34;250;2;2;38;13;1;0
240;684.08;40;2;2;38;72;1;0
241;696.92;170;2;2;62;104;1;1
242;913.7;200;2;2;40;75;1;0
243;924.36;200;2;2;44;85;1;0
244;1524.7;410;2;2;20;57;1;0
245;1660.79;1050;2;2;38;153;1;0
246;1725.25;900;2;2;35;18;1;0
247;2000.8;350;2;2;26;152;1;0
248;2574.19;280;2;2;76;103;1;1
249;2833.45;390;2;2;54;161;1;0
250;38.59;16;3;2;29;7;1;0
251;105.63;30;3;2;31;19;1;0
252;149.16;44;3;2;57;29;1;1
253;166.78;90;3;2;71;17;1;0
254;302;58.25;3;2;18;74;1;0
255;306.3;70;3;2;30;30;1;0
256;325.1;80;3;2;23;53;1;0
257;547.13;120;3;2;69;66;1;1
258;674.91;460;3;2;51;64;1;1
259;1078.04;110;3;2;47;175;1;1
260;1085.25;380;3;2;50;93;1;0
261;1180.8;550;3;2;21;50;1;0
262;1566.29;390;3;2;21;97;1;0
263;2742.01;560;3;2;37;159;1;0
264;5813.1;1154;3;2;30;89;1;0
265;5942.85;840;3;2;82;262;1;1
266;8346.6;2200;3;2;40;208;1;1
267;8883.76;630;3;2;35;131;1;1
268;11950.82;2725;3;2;57;159;1;0
269;35105.19;4550;3;2;44;304;2;0
270;163.15;70;4;2;26;18;1;0
271;351.69;190;4;2;70;34;1;0
272;429.55;60;4;2;19;41;1;0
273;473;560;4;2;24;11;1;0
274;619.53;230;4;2;69;32;1;0
275;1102.03;280;4;2;66;71;1;1
276;1214.27;220;4;2;40;109;1;1
277;1815.27;305;4;2;42;134;1;0
278;2507.37;562;4;2;38;125;1;0
279;2651.02;570;4;2;42;90;1;1
280;4215.23;930;4;2;36;137;1;0
281;7452.64;710;4;2;50;260;1;0
282;8905.39;580;4;2;46;132;1;0
283;57426.8;9020;4;2;30;294;2;0
284;257.3;170;5;2;47;21;1;1
285;310.12;90;5;2;60;42;1;0
286;427.2;200;5;2;71;24;1;0
287;624.92;96;5;2;62;71;1;1
288;913.87;330;5;2;33;32;1;1
289;1296.48;500;5;2;22;25;1;1
290;1582.16;270;5;2;45;103;1;1
291;1647.25;623;5;2;60;87;1;0
292;2099.32;1130;5;2;47;33;1;0
293;2149.83;334;5;2;49;114;1;0
294;2373.13;440;5;2;33;34;1;1
295;4129.06;1280;5;2;34;138;1;0
296;6321.35;1145;5;2;65;135;1;1
297;8238.64;1670;5;2;57;207;1;0
298;9097.73;1830;5;2;39;116;1;0
299;625.68;235;6;2;28;42;1;1
300;738.13;190;6;2;40;38;1;1
301;759.68;200;6;2;75;125;1;0
302;796.01;180;6;2;52;41;1;0
303;1018.65;380;6;2;47;31;1;0
304;3422;730;6;2;54;21;1;1
305;5437.29;550;6;2;33;33;1;0
306;6320.08;1190;6;2;30;122;1;0
307;9296.91;1890;6;2;44;121;1;0
308;232.22;70;7;2;73;10;1;0
309;500.54;85;7;2;63;50;1;1
310;708.88;200;7;2;44;33;1;0
311;2184.63;295;7;2;45;58;1;0
312;2273.18;930;7;2;40;75;1;0
313;2746.83;467;7;2;41;91;1;0
314;2878.62;595;7;2;73;155;1;0
315;4606.04;760;7;2;52;164;1;0
316;4951.62;1010;7;2;31;34;1;0
317;6198.2;1030;7;2;29;93;1;0
318;16034.84;5190;7;2;29;287;1;0
319;33074.81;7770;7;2;44;298;2;0
320;754.12;258;8;2;55;61;1;1
321;1400.01;190;8;2;24;65;1;1
322;1690.61;515;8;2;46;37;1;0
323;27175.87;4480;8;2;46;133;2;0
324;832.78;205;9;2;30;36;1;0
325;1542.2;1450;9;2;26;40;1;0
326;2370.9;610;9;2;20;72;1;0
327;3449.18;645;9;2;49;79;1;1
328;3556.8;567;9;2;23;79;1;0
329;4830.38;1300;9;2;39;87;1;1
330;9819.21;1450;9;2;41;142;1;1
331;10557.16;2460;9;2;36;158;1;1
332;10581.83;1705;9;2;56;378;1;1
333;18159.66;2785;9;2;48;96;2;1
334;27920.46;8580;9;2;39;117;2;0
335;2358.33;485;10;2;63;106;1;1
336;27073.9;4500;10;2;34;74;1;0
337;19603.24;3000;10;2;50;123;2;1
338;20042.42;2670;10;2;52;259;2;1
339;2369.7;720;11;2;65;78;1;0
340;2520.28;570;11;2;25;55;1;0
341;5990.44;1225;11;2;58;122;1;0
342;7212.64;1710;11;2;46;39;1;0
343;12433.27;2420;11;2;59;163;1;0
344;16369.68;2750;11;2;50;72;1;0
345;24453.35;4080;11;2;33;159;2;0
346;25431.52;4250;11;2;65;180;2;0
347;2359.37;650;12;2;44;40;1;0
348;28032.91;7540;12;2;40;62;2;0
349;986.73;290;13;2;39;30;1;0
350;1891.3;490;13;2;49;87;1;0
351;3848.06;879;13;2;39;95;1;0
352;8568.88;2290;13;2;66;21;1;0
353;18125.65;5237;13;2;67;189;2;0
354;37903.31;8950;13;2;47;157;2;0
355;976.28;618;14;2;66;32;1;0
356;1661.44;650;14;2;51;25;1;0
357;5146.31;919;14;2;48;127;1;1
358;12685.23;2103;14;2;60;136;1;0
359;1914.56;405;15;2;71;65;1;0
360;9788.67;3436.25;15;2;73;151;1;1
361;10496.28;2020;15;2;47;168;1;0
362;16904.58;3580;15;2;65;51;2;1
363;1964.01;259;16;2;47;48;1;0
364;3495.4;790;16;2;61;73;1;0
365;4397.97;777;16;2;30;119;1;0
366;8303.26;1660;16;2;36;153;1;0
367;11671.33;1954;16;2;46;128;1;0
368;3663.87;849;18;2;47;52;1;0
369;12955.08;3490;18;2;54;131;1;0
370;21002.88;3197.5;18;2;72;94;2;1
371;1330.36;400;19;2;57;38;1;0
372;12753.12;2501;19;2;47;228;1;1
373;13982.72;3363;19;2;37;62;1;1
374;18382.18;3361;19;2;58;201;2;1
375;5084.36;1274;20;2;35;109;1;0
376;5725.75;792;20;2;52;122;1;0
377;10171.7;2308;22;2;61;66;1;1
378;44917.19;9550;24;2;37;128;2;0
379;4543.54;651;25;2;50;115;1;0
380;17898.89;3035;25;2;49;192;2;1
381;20937.96;8153.1;25;2;46;94;2;0
382;12194.22;2530;26;2;45;98;1;1
383;17072.93;2155;26;2;31;158;1;1
384;32421.61;4468;27;2;60;261;2;0
385;42457.93;6197;27;2;48;180;2;1
386;21080.49;1666;28;2;61;116;2;1
387;21494.37;2520;30;2;49;91;2;1
388;10101.01;1844.1;31;2;43;87;1;1
389;31483.42;8480;32;2;51;113;2;0
390;56673.07;6246;44;2;55;309;2;1
391;29.91;620;2;3;28;4;1;1
392;31.7;24;2;3;21;9;1;0
393;37.2;30;2;3;22;23;1;0
394;158.05;10;2;3;49;26;1;1
395;177.3;20;2;3;30;22;1;0
396;226.5;100;2;3;45;34;1;1
397;300.83;30;2;3;45;64;1;1
398;473.52;210;2;3;38;37;1;0
399;473.65;90;2;3;52;95;1;0
400;1001.65;220;2;3;63;170;1;0
401;1450.31;335;2;3;53;173;1;1
402;1787.6;760;2;3;39;43;1;0
403;1845.39;243;2;3;58;229;1;1
404;3841.56;430;2;3;49;229;1;1
405;4527.83;650;2;3;42;158;1;0
406;4707.04;800;2;3;52;232;1;1
407;15335.55;2600;2;3;70;378;1;0
408;396.29;180;3;3;33;39;1;1
409;860.15;240;3;3;63;71;1;0
410;1243.59;410;3;3;50;62;1;0
411;1874.9;150;3;3;22;108;1;0
412;2239.99;540;3;3;39;125;1;0
413;3623.32;390;3;3;34;219;1;1
414;4704.23;802.5;3;3;56;159;1;1
415;9222.49;650;3;3;44;539;1;1
416;21128.92;3210;3;3;57;197;2;1
417;25680.61;2710;3;3;41;214;2;1
418;110;60;4;3;26;8;1;0
419;222.4;100;4;3;62;30;1;0
420;2697.71;300;4;3;46;59;1;0
421;2750.72;600;4;3;34;42;1;0
422;1395;420;5;3;23;31;1;0
423;2132.43;640;5;3;63;79;1;1
424;5580;581;5;3;42;170;1;1
425;11050.67;1345;5;3;60;312;1;1
426;756.65;156;6;3;22;54;1;0
427;786.29;168;6;3;38;58;1;1
428;2256.76;690;6;3;38;67;1;0
429;7622.15;2815;6;3;43;70;1;0
430;9373.5;1030;6;3;41;112;1;1
431;9862.69;1266;6;3;43;184;1;1
432;19569.45;2090;6;3;38;150;2;0
433;49401.5;5640;6;3;48;315;2;0
434;394.48;174;7;3;30;76;1;0
435;824.51;160;7;3;47;47;1;0
436;1386.05;250;7;3;51;101;1;1
437;1838.45;610;7;3;62;119;1;1
438;3363.6;751;7;3;55;99;1;0
439;3653.2;748;7;3;47;109;1;0
440;7902.37;2660;7;3;36;66;1;0
441;7902.78;610;7;3;57;168;1;1
442;939.14;340;8;3;34;38;1;0
443;2530.91;720;8;3;64;53;1;0
444;6222.85;1160;8;3;75;118;1;1
445;12517.93;2380;8;3;44;140;1;0
446;1434.43;530;9;3;29;63;1;0
447;3105.92;592;9;3;47;88;1;1
448;3170.06;930;9;3;35;66;1;0
449;3414.25;755;9;3;65;154;1;0
450;5665.3;930;9;3;54;103;1;1
451;5806.89;650;9;3;59;118;1;1
452;12467.04;2157;9;3;32;169;1;1
453;3919.83;898;10;3;51;93;1;1
454;8100.28;2140;10;3;32;121;1;0
455;13262.3;3200;10;3;52;82;1;0
456;8038.86;2170;11;3;77;103;1;1
457;8597.97;1594;11;3;45;98;1;1
458;12023.4;1960;11;3;37;103;1;0
459;2254.87;710;12;3;67;80;1;1
460;7101.41;2160;12;3;48;97;1;0
461;8806.15;3432;12;3;19;59;1;0
462;37031.88;5260;12;3;43;193;2;0
463;3462.31;630;13;3;28;41;1;0
464;4122.7;1740;13;3;38;62;1;0
465;6476.92;1079;13;3;52;126;1;1
466;23939.74;4095;13;3;59;170;2;1
467;27602.97;3690;13;3;44;125;2;0
468;2284.52;500;14;3;30;64;1;0
469;6132.08;630;14;3;31;89;1;1
470;12274.11;5667.5;15;3;33;40;1;0
471;6552.87;1080;16;3;60;209;1;0
472;14412.93;2260;16;3;32;91;1;1
473;20220.1;5830;16;3;38;136;2;0
474;50051.58;7470;16;3;37;127;2;0
475;30881.1;3604;17;3;66;234;1;0
476;3310.54;1240;18;3;31;46;1;0
477;14733.27;2883.04;18;3;40;123;1;1
478;1511.97;263;20;3;55;34;1;0
479;5788.81;2120;20;3;38;61;1;0
480;16280.04;3359;21;3;57;128;1;1
481;30548.37;5303;21;3;40;92;2;0
482;11484.83;3510;22;3;43;111;1;0
483;4952.73;1770;23;3;34;96;1;0
484;17051.9;5640;23;3;34;126;1;0
485;18188.18;2980;24;3;51;100;2;1
486;15546.1;2450;28;3;44;162;1;0
487;23.95;25;2;4;19;18;1;0
488;48;25;2;4;49;28;1;1
489;60.23;200;2;4;50;14;1;0
490;189.95;70;2;4;54;39;1;1
491;199.89;60;2;4;53;20;1;0
492;206.55;60;2;4;44;15;1;0
493;463.95;210;2;4;55;50;1;0
494;720.42;290;2;4;51;52;1;1
495;952.28;170;2;4;36;50;1;0
496;1123.18;250;2;4;55;74;1;1
497;1821.01;350;2;4;30;113;1;0
498;6765.89;440;2;4;54;328;1;1
499;6956.2;1430;2;4;34;178;2;0
500;119.1;60;3;4;33;13;1;0
501;270.2;80;3;4;47;22;1;0
502;613.91;180;3;4;26;75;1;0
503;1268.87;340;3;4;36;67;1;0
504;1354.52;350;3;4;48;75;1;0
505;1466.68;430;3;4;47;59;1;0
506;2404.38;400;3;4;49;175;1;1
507;2457.26;720;3;4;63;146;1;1
508;3121.7;310;3;4;40;133;1;1
509;4550.34;1150;3;4;35;66;1;0
510;4736.2;2025;3;4;39;50;1;0
511;5623.79;1070;3;4;27;49;1;0
512;574.05;87;4;4;56;97;1;0
513;1166.25;270;4;4;27;41;1;1
514;1277.5;319;4;4;61;105;1;0
515;1717.21;440;4;4;21;67;1;0
516;1847.38;370;4;4;42;97;1;0
517;1895.36;380;4;4;29;62;1;1
518;2477.84;535;4;4;64;97;1;1
519;3318.05;550;4;4;63;82;1;1
520;4238.84;790;4;4;38;141;1;0
521;6345.85;1350;4;4;44;127;1;0
522;7453.05;1810;4;4;35;35;1;0
523;13459.95;1820;4;4;34;175;1;0
524;13981.6;1290;4;4;36;345;1;1
525;129.68;55;5;4;48;15;1;1
526;210.74;130;5;4;18;20;1;0
527;495.83;140;5;4;50;35;1;1
528;589.22;150;5;4;55;86;1;1
529;981.7;187;5;4;19;37;1;0
530;1281.1;283;5;4;52;90;1;0
531;385.5;101;6;4;20;50;1;0
532;644.65;130;6;4;29;78;1;0
533;1840.95;625;6;4;37;26;1;0
534;1859.93;430;6;4;41;44;1;0
535;2300.96;490;6;4;64;60;1;1
536;5021.1;968;6;4;37;156;1;0
537;5496.49;855;6;4;66;181;1;0
538;8610.33;1139;6;4;48;455;1;0
539;12151.76;3550;6;4;22;133;1;1
540;17127.14;5055;6;4;34;189;1;0
541;949.83;316;7;4;28;42;1;0
542;1788.82;380;7;4;30;59;1;0
543;2127.94;460;7;4;36;48;1;0
544;3915.49;880;7;4;62;68;1;1
545;4960.83;956.5;7;4;40;223;1;0
546;5862.19;944;7;4;31;110;1;1
547;11613.17;1845;7;4;44;137;1;1
548;15198.23;2570;7;4;33;289;1;1
549;18460.69;3210;7;4;44;207;2;0
550;32857.72;4067.8;7;4;61;206;2;1
551;474.01;170;8;4;44;23;1;1
552;1896.24;480;8;4;33;63;1;0
553;3128.3;645;8;4;75;100;1;1
554;4094.01;904;8;4;55;92;1;1
555;20486.66;3430;8;4;36;116;2;1
556;237.8;850;9;4;48;7;1;0
557;559.01;160;9;4;55;37;1;1
558;1493.22;265;9;4;37;64;1;0
559;2949.15;754;9;4;47;47;1;0
560;24425.06;3800;9;4;38;127;2;0
561;35674.25;5700;9;4;33;294;2;0
562;39350.66;4510;9;4;41;269;2;0
563;3250.17;810;10;4;32;99;1;0
564;8268.28;1705;10;4;69;147;1;1
565;11398.21;1830;10;4;42;142;1;1
566;12472.69;3915;10;4;24;147;1;0
567;21213.22;2470;10;4;52;274;2;0
568;9941.87;2106;11;4;51;48;1;0
569;13552.77;1000;11;4;83;117;1;1
570;29090.66;5583.6;12;4;55;209;2;1
571;7107.94;933;13;4;39;131;1;0
572;14040.32;5564;13;4;41;208;1;0
573;15843.05;4105.03;13;4;40;122;1;0
574;38788.38;6780;13;4;49;237;2;0
575;13652.61;1895;14;4;36;212;1;0
576;4573.67;1040;16;4;63;69;1;0
577;9683.13;1950;16;4;23;109;1;0
578;13823.8;5734.5;18;4;72;98;1;0
579;1371.16;772;19;4;27;34;1;0
580;3153.03;743;19;4;35;56;1;1
581;4760.02;1582.5;19;4;70;69;1;1
582;5259.12;1150;19;4;65;89;1;0
583;32214.08;6500;21;4;33;88;2;1
584;66531.47;9770;21;4;37;153;2;1
585;6830.75;1250;22;4;35;55;1;1
586;8316.37;3390;23;4;34;70;1;0
587;10671.16;2350;23;4;39;50;1;0
588;14056.35;4120;23;4;34;61;1;0
589;22948.02;4400;24;4;46;59;2;0
590;36827.49;2408;29;4;40;112;2;0
591;12492.06;2496;31;4;38;154;1;1
592;72.1;30;2;5;41;23;1;0
593;100.16;50;2;5;23;16;1;1
594;176.04;60;2;5;35;63;1;0
595;192.74;45;2;5;18;45;1;0
596;203.27;36;2;5;21;55;1;0
597;237.94;80;2;5;48;32;1;0
598;324.38;80;2;5;80;26;1;0
599;574.1;100.05;2;5;57;51;1;0
600;668.33;280;2;5;33;106;1;0
601;1841.7;460;2;5;46;65;1;1
602;1870.06;475;2;5;55;167;1;0
603;9014.7;1100;2;5;36;109;1;0
604;88.89;1200;3;5;57;9;1;0
605;407;170;3;5;42;24;1;0
606;480.06;70;3;5;40;80;1;1
607;513.45;160;3;5;25;37;1;0
608;600;165;3;5;26;55;1;0
609;649.8;130;3;5;40;36;1;0
610;832.15;140;3;5;77;53;1;1
611;1295.64;250;3;5;68;183;1;1
612;2289.32;335;3;5;58;124;1;0
613;3326.98;590;3;5;40;100;1;0
614;3941.26;290;3;5;38;260;1;0
615;9720.84;3130;3;5;48;204;1;0
616;65.76;45;4;5;47;9;1;1
617;422.19;130;4;5;39;49;1;0
618;436.38;221;4;5;68;28;1;1
619;564.44;100;4;5;23;30;1;0
620;643.62;180;4;5;39;39;1;0
621;656.55;300;4;5;54;33;1;0
622;1112.45;270;4;5;23;85;1;0
623;1403.64;595;4;5;24;40;1;0
624;1666.8;250;4;5;51;64;1;0
625;2172.64;350;4;5;39;47;1;0
626;6118.55;1830;4;5;54;108;1;0
627;6403.05;1365;4;5;44;114;1;0
628;7410.61;1330;4;5;77;211;1;1
629;7563.43;1505;4;5;43;161;1;0
630;9741.31;2290;4;5;46;154;1;0
631;10468.87;2070;4;5;29;350;1;0
632;19466.73;4600;4;5;63;227;2;0
633;344.96;250;5;5;56;30;1;1
634;1390.76;385;5;5;83;111;1;1
635;1920.32;610;5;5;37;93;1;0
636;2266.96;360;5;5;62;119;1;1
637;3050.1;550;5;5;69;106;1;0
638;169.7;605;6;5;31;9;1;0
639;223.46;63;6;5;53;40;1;0
640;405.69;90;6;5;33;33;1;0
641;522.71;190;6;5;74;57;1;1
642;548.84;80;6;5;53;43;1;1
643;1250.98;286;6;5;43;66;1;1
644;2418.96;375;6;5;62;112;1;0
645;2756.35;890;6;5;60;44;1;1
646;4421.59;960;6;5;32;65;1;1
647;4864.2;490;6;5;29;135;1;0
648;6514.02;820;6;5;35;194;1;0
649;31417.2;9130;6;5;39;69;1;0
650;33651.47;7365;6;5;37;245;2;0
651;2120.18;440;7;5;40;102;1;0
652;3017.93;850;7;5;35;54;1;0
653;3494.83;588;7;5;58;99;1;1
654;5988.17;1550;7;5;48;80;1;1
655;8691.15;2460;7;5;46;126;1;0
656;20868.1;2170;7;5;44;175;1;0
657;17900.55;2850;7;5;31;162;2;1
658;899;65;8;5;39;63;1;1
659;1222.41;311;8;5;58;51;1;0
660;1284.05;310;8;5;46;97;1;0
661;1820.16;370;8;5;70;146;1;0
662;1189.85;217;9;5;59;103;1;0
663;1247.09;320;9;5;43;47;1;1
664;1616.44;262;9;5;48;105;1;1
665;1861.2;219;9;5;51;65;1;0
666;2328.89;578;9;5;51;118;1;1
667;3803.32;1305;9;5;44;67;1;0
668;31232.35;7400;9;5;40;102;2;1
669;1196.56;234;10;5;48;41;1;1
670;3709.48;530;10;5;43;153;1;1
671;7381.1;1940;10;5;56;143;1;0
672;3241.59;560;11;5;71;105;1;0
673;5466.85;965;11;5;27;59;1;0
674;5759.24;1420;11;5;51;78;1;0
675;10305.25;4200;11;5;67;96;1;0
676;30698.19;4855;11;5;56;167;2;0
677;5376.62;1140;12;5;65;150;1;0
678;10914.33;2460;12;5;50;90;2;0
679;18240.17;4200;12;5;40;190;2;0
680;28121.19;5560.2;12;5;43;116;2;0
681;1033.89;161;14;5;47;62;1;0
682;12134.06;2945;14;5;70;123;1;1
683;24761.65;4263;14;5;43;143;2;0
684;1131.75;227;15;5;34;69;1;1
685;1952.11;330;15;5;59;20;1;0
686;14495.05;3900;16;5;50;28;1;0
687;27310.62;4147;17;5;40;272;2;1
688;1375.78;317.2;23;5;55;33;1;1
689;6172.78;1706;24;5;25;81;1;0
690;23417.55;5860;26;5;22;136;2;0
691;16379.18;4640;29;5;21;90;2;0
692;35004.6;8490.9;30;5;26;48;1;0
693;50.9;40;2;6;76;6;1;1
694;142.25;50;2;6;25;23;1;0
695;297.1;150;2;6;45;66;1;1
696;300.1;60;2;6;54;57;1;0
697;405.4;100;2;6;50;54;1;0
698;887.9;186;2;6;45;175;1;1
699;1016.79;130;2;6;32;102;1;0
700;1281.5;350;2;6;40;62;1;0
701;1388.65;260;2;6;21;36;1;0
702;1638.06;220;2;6;43;147;1;0
703;1703.76;190;2;6;28;121;1;0
704;3006.57;339;2;6;52;312;1;1
705;3424;940;2;6;30;254;1;0
706;207.75;74;3;6;53;55;1;1
707;303.7;60;3;6;35;36;1;1
708;412.74;80;3;6;61;51;1;0
709;662.75;200;3;6;47;31;1;0
710;991.51;210;3;6;35;77;1;0
711;1718.5;300;3;6;35;185;1;0
712;1755.37;570;3;6;47;54;1;0
713;3210.46;650;3;6;62;75;1;0
714;3449.04;1040;3;6;62;262;1;0
715;4344.65;950;3;6;49;125;1;0
716;24049.82;2740;3;6;53;197;2;0
717;4;6;4;6;25;1;1;0
718;515.13;188;4;6;61;48;1;0
719;527.68;140;4;6;49;35;1;0
720;635.75;105;4;6;35;68;1;0
721;1131.07;410;4;6;28;62;1;0
722;1207.43;330;4;6;57;61;1;1
723;1936.34;350;4;6;55;105;1;0
724;5550.61;980;4;6;52;240;1;0
725;5678.64;870;4;6;53;114;1;0
726;7754.2;1030;4;6;31;176;1;0
727;14854.6;3290;4;6;66;200;1;0
728;429.39;125;5;6;26;93;1;0
729;3084.16;720;5;6;49;87;1;1
730;3935.84;790;5;6;46;73;1;0
731;4904.83;1090;5;6;36;82;1;1
732;5971.8;1685;5;6;67;114;1;1
733;7064.6;1230;5;6;49;149;1;0
734;9104;2022;5;6;44;148;1;0
735;34120.36;4328;5;6;44;399;2;0
736;1032.95;224;6;6;34;121;1;0
737;1034.49;300;6;6;58;24;1;0
738;1113.57;230;6;6;39;60;1;0
739;1438.83;280;6;6;24;88;1;0
740;1556.42;250;6;6;40;77;1;1
741;1577.74;380;6;6;43;135;1;0
742;1851.16;400;6;6;55;80;1;0
743;2334.08;620;6;6;22;132;1;0
744;10287.54;2564;6;6;47;97;1;1
745;299.47;72;7;6;37;38;1;1
746;434.41;95;7;6;53;47;1;1
747;797.22;180;7;6;23;32;1;1
748;924.24;278;7;6;68;70;1;0
749;1802.74;95;7;6;49;132;1;1
750;2230.98;630;7;6;51;95;1;1
751;3440.16;990;7;6;56;73;1;0
752;6160.72;1630;7;6;47;92;1;0
753;2579.89;1860;8;6;39;65;1;0
754;3644.77;654;8;6;57;67;1;1
755;4699.66;1460;8;6;38;114;1;0
756;607.49;122;9;6;31;31;1;0
757;851.73;151;9;6;59;46;1;0
758;3840.1;900;9;6;60;67;1;0
759;4362.61;812;9;6;32;132;1;0
760;5284.99;760;9;6;32;195;1;0
761;9499.76;1912;9;6;58;229;1;1
762;10286.4;2015;9;6;52;124;1;0
763;2223.2;400;10;6;38;64;1;0
764;2366.56;261;10;6;50;131;1;0
765;8819.58;1690;10;6;50;72;1;0
766;1494.1;403.1;11;6;34;47;1;0
767;760.42;255;12;6;51;33;1;0
768;2575.25;810;12;6;70;48;1;0
769;10399.43;2610;12;6;44;83;1;0
770;38669.26;6600;12;6;40;139;2;0
771;3740.45;1458.9;13;6;32;88;1;0
772;4234.24;1330;13;6;47;28;1;1
773;6476.41;1365;13;6;59;70;1;1
774;856.76;109;14;6;34;23;1;0
775;6931.55;926;14;6;72;207;1;1
776;7088.56;1220;14;6;42;146;1;0
777;7861.95;1620;14;6;52;126;1;0
778;22176.61;3721.3;14;6;38;261;2;0
779;818.72;245;15;6;29;26;1;1
780;3160.39;780;16;6;38;76;1;1
781;24103.61;3227;16;6;42;207;2;1
782;788.17;120.02;17;6;56;60;1;1
783;15062.37;1670;19;6;78;63;1;0
784;17501.19;4850;20;6;71;97;2;0
785;14835.67;3218.9;24;6;31;221;1;0
786;20476.75;3640;26;6;60;170;2;0
787;33812.22;4980;27;6;53;203;2;1
788;25877.11;6827.5;47;6;49;114;2;0
789;33.96;220;2;7;26;6;1;0
790;63.64;35;2;7;49;12;1;1
791;140.45;60;2;7;18;19;1;0
792;312.95;90;2;7;38;64;1;0
793;424.7;135;2;7;23;145;1;1
794;494.53;51;2;7;52;93;1;1
795;569.52;50;2;7;23;86;1;0
796;594;390;2;7;32;17;1;0
797;606.13;110;2;7;50;82;1;0
798;609.66;240;2;7;67;55;1;1
799;764.44;230;2;7;66;121;1;1
800;800.99;260;2;7;74;103;1;0
801;923.62;200;2;7;24;56;1;0
802;947.93;180;2;7;74;124;1;0
803;1305.55;400;2;7;44;67;1;0
804;1401.25;160;2;7;41;161;1;1
805;3828.16;650;2;7;29;113;1;0
806;7864.5;570;2;7;33;196;1;0
807;7942.05;1850;2;7;50;188;1;0
808;11128.2;1525;2;7;49;343;1;1
809;120.37;51;3;7;70;23;1;1
810;125.47;135;3;7;54;19;1;1
811;447.54;100;3;7;22;43;1;1
812;488.2;220;3;7;65;23;1;0
813;493.99;120;3;7;32;58;1;0
814;690.43;150;3;7;29;88;1;0
815;822.54;148;3;7;44;90;1;0
816;1055.3;260;3;7;46;47;1;0
817;1087.94;115;3;7;44;147;1;0
818;1104.74;440;3;7;41;104;1;0
819;1115.63;300;3;7;35;31;1;1
820;1253.24;100;3;7;25;117;1;1
821;1610.26;605;3;7;52;59;1;0
822;2411.75;480;3;7;36;192;1;1
823;4382.06;880;3;7;54;165;1;1
824;8446.2;870;3;7;38;211;1;0
825;179.2;53;4;7;41;50;1;0
826;249.25;70;4;7;41;42;1;0
827;260.18;120;4;7;35;46;1;0
828;531.34;181;4;7;49;51;1;1
829;1123.52;370;4;7;40;70;1;0
830;1282.65;530;4;7;36;37;1;0
831;1770.6;810;4;7;35;62;1;1
832;1850.02;460;4;7;35;60;1;0
833;2572.81;620;4;7;57;155;1;0
834;3006.83;600;4;7;57;198;1;0
835;4268.57;840;4;7;55;218;1;1
836;5336.4;1260;4;7;44;91;1;1
837;6302.95;1430;4;7;34;194;1;0
838;45125.27;7650;4;7;65;386;2;0
839;323.95;108;5;7;23;51;1;0
840;636.07;103;5;7;61;41;1;0
841;885.6;295;5;7;42;27;1;0
842;1032.65;120;5;7;31;45;1;0
843;1330.1;270;5;7;46;42;1;0
844;2846.03;476;5;7;52;133;1;1
845;2945.45;560;5;7;69;112;1;1
846;3815.05;530;5;7;45;77;1;0
847;3982.24;1065;5;7;53;148;1;1
848;4307.09;1201;5;7;57;182;1;0
849;5420.53;625;5;7;51;217;1;1
850;9831.86;1310;5;7;60;185;1;0
851;31547;6200;5;7;50;154;2;0
852;38208.63;8265;5;7;29;407;2;0
853;786.79;151;6;7;56;36;1;1
854;1264.06;310;6;7;54;74;1;0
855;1345.88;315;6;7;53;99;1;1
856;2202.47;440;6;7;45;108;1;0
857;2680.17;710;6;7;52;144;1;1
858;9130.9;725;6;7;20;114;1;0
859;14209.35;3980;6;7;49;134;2;0
860;28703.49;6990;6;7;50;150;2;0
861;842.03;455;7;7;56;230;1;1
862;1807.01;480;7;7;21;74;1;1
863;3605.91;670;7;7;34;119;1;0
864;3871.3;795;7;7;52;187;1;0
865;4327.47;420;7;7;48;120;1;0
866;4391.12;1000;7;7;41;75;1;0
867;5910.1;1360;7;7;56;74;1;1
868;6657.28;1130;7;7;41;42;1;0
869;12727.87;1600;7;7;41;87;1;1
870;15135.21;2590;7;7;36;340;1;0
871;1203.6;213;8;7;24;31;1;0
872;1562.38;345;8;7;41;42;1;0
873;2914.08;979;8;7;40;119;1;0
874;4031.18;655;8;7;73;224;1;1
875;4100.93;840;8;7;31;105;1;1
876;8297.19;1924;8;7;68;76;1;0
877;8532.75;1275;8;7;50;141;1;1
878;1713.54;330;9;7;63;163;1;1
879;2560.11;470;9;7;28;59;1;0
880;3518.4;759.5;9;7;47;80;1;0
881;5189.74;1170;9;7;73;125;1;0
882;5659.06;900;9;7;45;148;1;0
883;3343.64;950.2;10;7;36;41;1;1
884;12633.99;1810;10;7;63;360;1;0
885;16978.33;2800;10;7;53;233;2;0
886;1997.44;470;11;7;48;64;1;0
887;3493.05;656;11;7;67;135;1;1
888;7029.51;1099;11;7;55;113;1;1
889;3331.56;1095;12;7;40;64;1;0
890;8239.42;1330;12;7;53;144;1;1
891;14986.46;2860;12;7;29;195;1;1
892;4615.94;900;13;7;57;125;1;0
893;5211.84;685;13;7;61;124;1;1
894;13712.09;3380;13;7;49;93;1;0
895;16615.22;4615;13;7;51;67;2;0
896;489.05;98;14;7;34;75;1;0
897;2146.59;690;16;7;54;60;1;0
898;6978.65;1240;16;7;39;79;1;0
899;9976.74;1565;16;7;48;158;1;0
900;5227.03;1057.6;18;7;28;113;1;1
901;9898.33;1281;18;7;36;140;1;1
902;892.93;686.07;19;7;27;34;1;0
903;11402.45;1379;19;7;42;208;1;0
904;2566.68;1240;20;7;57;50;1;0
905;1327.27;630;22;7;32;38;1;1
906;19589.41;3098;22;7;46;264;2;1
907;36808.39;8664.4;22;7;65;355;2;1
908;43458.1;8949;23;7;36;209;2;0
909;10182.11;3629;24;7;44;126;1;0
910;38795.88;7645;24;7;49;237;2;1
911;75.81;25;2;8;39;16;1;1
912;142.5;20;2;8;47;29;1;0
913;149.25;80;2;8;45;13;1;0
914;157.58;40;2;8;45;59;1;1
915;551.4;200;2;8;36;41;1;0
916;2210.46;140;2;8;52;191;1;1
917;2352.97;780;2;8;52;126;1;0
918;4333.5;910;2;8;39;92;1;1
919;4372.48;230;2;8;53;564;1;1
920;183.13;70;3;8;83;19;1;0
921;271.12;63;3;8;43;48;1;0
922;304.61;80;3;8;45;24;1;1
923;305.48;55;3;8;70;49;1;0
924;387.81;75;3;8;38;57;1;0
925;620.62;110;3;8;50;95;1;0
926;1081.84;360;3;8;35;59;1;1
927;2497.81;530;3;8;56;75;1;1
928;4290.24;450;3;8;41;204;1;0
929;4642.05;500;3;8;24;223;1;0
930;178.76;45;4;8;22;30;1;1
931;376.16;91;4;8;38;35;1;1
932;398.17;50;4;8;51;44;1;0
933;447.55;120;4;8;28;45;1;1
934;501.88;180;4;8;39;45;1;0
935;525.65;70;4;8;52;77;1;1
936;610.66;65;4;8;35;112;1;1
937;680.96;264;4;8;68;49;1;0
938;725.85;160;4;8;41;28;1;0
939;783.17;130;4;8;48;113;1;0
940;871.45;1000;4;8;52;20;1;0
941;1344.38;510;4;8;46;30;1;1
942;1983.28;370;4;8;42;89;1;0
943;2357.8;555;4;8;62;63;1;0
944;2931.55;371;4;8;72;209;1;0
945;4016.66;324;4;8;47;203;1;1
946;383.39;210;5;8;65;18;1;1
947;626.89;170;5;8;27;62;1;0
948;2148.34;420;5;8;42;123;1;0
949;2798.66;940;5;8;65;74;1;1
950;5067.65;700;5;8;34;163;1;0
951;209.35;110;6;8;73;12;1;0
952;16317.6;3190;6;8;35;131;1;0
953;22946.04;3720;6;8;46;335;2;0
954;1330.99;180;7;8;35;70;1;0
955;1436.34;700;7;8;31;27;1;0
956;1705.6;290;7;8;28;55;1;0
957;10778.13;2020;7;8;50;230;1;0
958;2234.36;775;8;8;45;38;1;0
959;2625.05;529;8;8;52;65;1;1
960;17113.18;2460;8;8;41;212;1;0
961;31658.6;7240;8;8;39;153;2;1
962;44994.13;4605;8;8;38;190;2;0
963;2962.57;640;9;8;52;58;1;1
964;12961.17;5525;9;8;70;85;1;1
965;6934.37;1410;11;8;69;178;1;0
966;14525.41;1776;11;8;51;176;1;1
967;21436.8;3260;11;8;39;205;2;0
968;7007.5;1317;12;8;37;85;1;0
969;17557.69;4130;13;8;36;67;1;0
970;2367.1;465;14;8;60;68;1;0
971;4068.7;883;14;8;43;90;1;1
972;11583.6;1860;14;8;61;109;1;1
973;12012.98;2557;15;8;52;111;1;0
974;21011.77;5210;15;8;43;125;2;0
975;13714.25;2948;21;8;37;200;1;0
976;21070.01;2520;21;8;64;311;2;1
977;54.4;20;2;9;29;10;1;0
978;98.75;30;2;9;34;41;1;0
979;130.38;40;2;9;38;27;1;0
980;205.74;70;2;9;43;30;1;1
981;222.4;22;2;9;19;125;1;0
982;263.22;60;2;9;64;50;1;0
983;435.76;110;2;9;31;50;1;0
984;828.5;160;2;9;31;37;1;0
985;1023.55;254;2;9;35;54;1;1
986;1184.93;450;2;9;56;67;1;1
987;1565.04;330;2;9;43;72;1;0
988;2123.85;710;2;9;34;100;1;0
989;5017.62;700;2;9;37;343;1;0
990;9694.8;1980;2;9;37;174;1;0
991;1009;143;3;9;24;53;1;0
992;4589.5;650;3;9;39;100;1;0
993;18598.71;3590;3;9;41;153;2;0
994;35.86;17;4;9;31;8;1;0
995;371.14;95;4;9;49;34;1;0
996;504.88;211;4;9;25;45;1;1
997;612.21;125;4;9;39;64;1;1
998;1262.93;209;4;9;59;77;1;1
999;2817.49;420;4;9;21;113;1;1
1000;4098.32;660;4;9;73;150;1;1
1001;5236.85;1060;4;9;39;136;1;0
1002;10015.84;3060;4;9;39;326;1;0
1003;1062.69;223;5;9;54;64;1;1
1004;1143.98;312;5;9;66;66;1;1
1005;1425.09;215;5;9;53;93;1;0
1006;2827.48;420;5;9;37;150;1;0
1007;7687.44;1840;5;9;37;239;1;0
1008;1531.2;446;7;9;60;121;1;0
1009;1943.95;860;7;9;30;20;1;0
1010;2903.68;530;7;9;52;89;1;0
1011;2872.62;422;8;9;42;70;1;0
1012;3867.82;455;8;9;39;163;1;0
1013;12499.33;2380;8;9;27;132;1;0
1014;12989.97;1615;8;9;42;153;1;1
1015;496;155;9;9;74;48;1;0
1016;3363.32;810;9;9;53;169;1;1
1017;3798.91;748;9;9;50;73;1;0
1018;3337.55;537;10;9;61;63;1;0
1019;1012.7;200;11;9;62;41;1;0
1020;3927.96;958;11;9;38;164;1;1
1021;28189.56;5060;11;9;55;88;2;0
1022;4700.33;1435;12;9;62;81;1;1
1023;12902.35;2530;12;9;38;91;2;0
1024;1653.32;772.14;13;9;82;114;1;1
1025;2221.03;530;13;9;31;50;1;0
1026;12676.02;4140;14;9;29;155;1;0
1027;4758.55;760;16;9;46;116;1;0
1028;12632.17;2730;17;9;35;113;1;0
1029;3999.81;1005;19;9;54;125;1;1
1030;42316.58;5520;21;9;59;204;2;0
1031;8217.28;1960;23;9;39;95;1;1
1032;17981.48;3240;23;9;55;134;2;1
1033;1219.16;406;32;9;28;127;1;0
1034;106.11;95;2;10;28;34;1;1
1035;126.49;80;2;10;59;44;1;1
1036;142.95;60;2;10;50;17;1;0
1037;150.3;50;2;10;49;39;1;0
1038;352.53;50;2;10;19;50;1;0
1039;596.21;160;2;10;40;73;1;1
1040;830.88;120;2;10;76;169;1;1
1041;1014.9;500;2;10;61;57;1;0
1042;1606.45;210;2;10;57;53;1;1
1043;3153.07;1110.2;2;10;41;252;1;0
1044;3651.35;390;2;10;54;80;1;0
1045;250.58;185;3;10;22;26;1;0
1046;364.81;100;3;10;27;32;1;0
1047;641.41;170;3;10;36;51;1;1
1048;1039.7;250;3;10;83;99;1;1
1049;1795.69;440;3;10;50;56;1;0
1050;3011.32;530;3;10;73;105;1;0
1051;3237.47;1030;3;10;48;139;1;0
1052;304.75;270;4;10;58;12;1;1
1053;356.32;165;4;10;45;22;1;1
1054;674.38;112;4;10;29;36;1;0
1055;1476.6;400;4;10;71;81;1;1
1056;1560.19;370;4;10;61;57;1;0
1057;1907.65;842.5;4;10;39;57;1;0
1058;2572.9;525;4;10;70;234;1;0
1059;9812.07;1840;4;10;38;130;1;0
1060;10837.72;1587;4;10;35;183;1;0
1061;12007.11;2690;4;10;46;174;1;1
1062;488.86;150;5;10;19;61;1;0
1063;570.4;136.2;5;10;21;49;1;0
1064;642;180;5;10;73;65;1;1
1065;767.18;170;5;10;40;58;1;1
1066;1190.59;215;5;10;53;64;1;0
1067;1793.36;480;5;10;42;106;1;0
1068;178.84;70;6;10;71;12;1;0
1069;544.7;125;6;10;55;33;1;1
1070;783.96;166;6;10;39;71;1;0
1071;858.12;255;6;10;48;59;1;0
1072;1034.53;200;6;10;49;67;1;1
1073;1097.97;300;6;10;68;110;1;0
1074;1156;360;6;10;21;34;1;1
1075;2955.84;1108;6;10;28;121;1;0
1076;5862.05;1629;6;10;30;32;1;0
1077;11413.45;3400;6;10;45;126;1;0
1078;11631.99;2230;6;10;49;180;1;0
1079;393.02;125;7;10;21;19;1;1
1080;2677.41;750;7;10;46;114;1;1
1081;4180.57;920;7;10;66;132;1;1
1082;2940.17;1040;8;10;57;38;1;0
1083;3162.97;937;8;10;64;48;1;0
1084;3841.98;940;8;10;52;95;1;0
1085;3121.82;908;9;10;35;40;1;0
1086;3593.29;440;9;10;42;126;1;0
1087;43225.81;8478.14;9;10;55;365;2;0
1088;274.99;80;10;10;68;17;1;0
1089;6589.41;1480;11;10;42;91;1;0
1090;193.63;105;12;10;83;13;1;0
1091;1709.69;430;12;10;25;52;1;0
1092;2937.87;1211.35;12;10;45;58;1;1
1093;40762.09;9025;12;10;31;48;2;0
1094;4335.65;1310;13;10;22;92;1;0
1095;5570.65;2410;13;10;35;52;1;1
1096;11786.79;1900;13;10;37;216;1;0
1097;37383.52;5480;13;10;61;188;2;0
1098;3758.78;1680;15;10;37;98;1;0
1099;23110.4;3745;22;10;32;252;2;1
1100;12.43;7;2;11;58;9;1;0
1101;68.5;40;2;11;82;23;1;0
1102;68.58;40;2;11;34;12;1;1
1103;79.94;40;2;11;69;10;1;0
1104;152.86;25;2;11;48;34;1;1
1105;213.85;40;2;11;20;42;1;0
1106;284.69;60;2;11;29;62;1;1
1107;315.17;100;2;11;39;42;1;0
1108;445.54;160;2;11;57;67;1;1
1109;559.1;320;2;11;41;26;1;0
1110;664.85;90;2;11;31;68;1;1
1111;688.12;170;2;11;36;68;1;1
1112;770.99;160;2;11;68;69;1;1
1113;1102;250;2;11;42;104;1;1
1114;1881.47;187;2;11;32;213;1;1
1115;1888.13;330;2;11;32;107;1;0
1116;6150.68;420;2;11;51;331;1;0
1117;175.3;50;3;11;19;67;1;0
1118;284.1;137;3;11;55;32;1;1
1119;617.42;160;3;11;53;92;1;0
1120;1917.45;530;3;11;32;70;1;1
1121;2348.48;490;3;11;52;39;1;0
1122;2521.7;250;3;11;43;230;1;0
1123;3445;340;3;11;38;77;1;0
1124;5639.01;1230;3;11;41;154;1;1
1125;9456.52;620;3;11;22;305;1;0
1126;11299.42;2310;3;11;49;95;1;0
1127;31141.1;6180;3;11;39;276;2;1
1128;168.21;40;4;11;42;22;1;0
1129;177.09;70;4;11;40;36;1;1
1130;186.67;64;4;11;33;24;1;0
1131;430.31;100;4;11;44;56;1;1
1132;528.39;210;4;11;22;29;1;1
1133;1241.64;292;4;11;70;123;1;1
1134;1320.96;230;4;11;36;48;1;0
1135;2172.99;290;4;11;39;86;1;1
1136;3412.18;670;4;11;59;117;1;0
1137;3879.33;368;4;11;41;240;1;1
1138;0.01;22;5;11;40;30;1;0
1139;545.42;140;5;11;33;30;1;0
1140;3411.65;790;5;11;50;70;1;1
1141;5462.11;1650;5;11;32;124;1;0
1142;5714.45;1630;5;11;34;132;1;0
1143;9571.16;1500;5;11;72;216;1;1
1144;11491.89;1850;5;11;38;183;1;0
1145;45982.46;2970;5;11;43;121;2;0
1146;897.38;455;6;11;22;31;1;0
1147;2187.61;880;6;11;70;138;1;0
1148;2592.32;550;6;11;56;99;1;1
1149;238.4;150;7;11;20;12;1;0
1150;5330.52;700;7;11;50;169;1;1
1151;29334.39;3021;7;11;45;458;2;1
1152;586.22;164;9;11;39;25;1;0
1153;3729.14;1260;13;11;59;111;1;0
1154;2069.13;635;14;11;31;68;1;0
1155;3417.45;672.6;14;11;40;91;1;0
1156;9361.57;2386;16;11;43;169;1;0
1157;48589.82;7210;20;11;29;125;2;0
1158;10.9;12;2;12;49;7;1;0
1159;19.39;10;2;12;19;26;1;0
1160;91.1;30;2;12;31;25;1;0
1161;110.34;40;2;12;22;32;1;1
1162;166.15;60;2;12;53;23;1;0
1163;196.15;50;2;12;42;39;1;0
1164;248.17;60;2;12;36;63;1;0
1165;291.4;80;2;12;33;54;1;0
1166;351.4;90;2;12;36;58;1;0
1167;440.95;135;2;12;37;37;1;1
1168;573.5;80;2;12;27;55;1;0
1169;1000.21;150;2;12;50;163;1;0
1170;2157.8;340;2;12;50;87;1;0
1171;4388.61;390;2;12;32;138;1;0
1172;233.17;140;3;12;28;33;1;0
1173;530.58;125;3;12;32;35;1;0
1174;1647.35;420;3;12;45;51;1;0
1175;1737.2;197;3;12;65;215;1;0
1176;1748.61;340;3;12;30;186;1;0
1177;3994.9;430;3;12;38;76;1;0
1178;9143.81;1515;3;12;46;484;1;0
1179;103.84;30;4;12;39;10;1;0
1180;125.79;70;4;12;21;15;1;1
1181;280.6;60;4;12;57;17;1;1
1182;441.59;140;4;12;61;34;1;0
1183;520.84;125;4;12;50;73;1;0
1184;1131.26;200;4;12;35;79;1;0
1185;1402.29;370;4;12;68;64;1;1
1186;2284.41;300;4;12;59;72;1;1
1187;2702.1;940;4;12;48;60;1;1
1188;6797.83;730;4;12;71;288;1;0
1189;22171.26;4140;4;12;66;221;2;0
1190;838.2;160;5;12;45;60;1;1
1191;1254.12;380;5;12;35;39;1;0
1192;1957.23;350;5;12;69;108;1;1
1193;2565.84;435;5;12;64;222;1;0
1194;2964.32;620;5;12;59;49;1;0
1195;3711.22;420;5;12;23;121;1;0
1196;1592.49;180;6;12;36;63;1;0
1197;3742.78;950;6;12;33;107;1;0
1198;5237.34;915;6;12;39;61;1;0
1199;380.06;66;7;12;44;23;1;0
1200;3566.68;650;7;12;59;136;1;0
1201;21185.24;200;7;12;58;65;2;1
1202;1453.28;430;8;12;32;54;1;1
1203;5963.77;1560;8;12;39;94;1;1
1204;14467.38;1736;8;12;40;215;1;0
1205;1462.69;271;9;12;49;73;1;1
1206;7393.19;2290;9;12;35;64;1;0
1207;11320.89;2925;9;12;58;89;1;1
1208;4492.85;810;10;12;42;122;1;1
1209;34640.75;3730;11;12;58;186;2;1
1210;5253.83;1290;12;12;36;79;1;1
1211;39520.9;6480;13;12;41;379;2;0
1212;8270.13;920;14;12;40;180;1;0
1213;7432.96;2590;16;12;67;70;1;1
1214;20470.5;5072;35;12;34;138;2;1
1215;33.05;11;2;13;45;12;1;0
1216;45.19;25;2;13;54;26;1;1
1217;78.75;120;2;13;45;12;1;0
1218;122.98;15;2;13;37;21;1;0
1219;130.85;59;2;13;54;16;1;1
1220;132.88;150;2;13;39;27;1;0
1221;181.2;60;2;13;42;11;1;0
1222;221.37;70;2;13;20;78;1;0
1223;242.97;57;2;13;39;44;1;0
1224;344.29;52;2;13;38;65;1;0
1225;370.45;160;2;13;35;85;1;0
1226;549.59;80;2;13;42;53;1;0
1227;689.91;174;2;13;52;130;1;0
1228;971.28;200;2;13;47;104;1;1
1229;1163.75;190;2;13;37;110;1;0
1230;1177.87;250;2;13;63;40;1;0
1231;1216.89;223;2;13;62;285;1;1
1232;1286.53;212;2;13;33;162;1;1
1233;1358.97;610;2;13;48;120;1;1
1234;2258.19;290;2;13;46;265;1;0
1235;2353.3;270;2;13;52;124;1;0
1236;3023.01;429;2;13;60;210;1;1
1237;3938.64;680;2;13;43;84;1;0
1238;96.55;70;3;13;55;17;1;0
1239;550.09;185;3;13;42;32;1;0
1240;628.09;90;3;13;48;60;1;1
1241;670.71;80;3;13;43;65;1;0
1242;749.25;350;3;13;40;37;1;0
1243;987.55;220;3;13;62;78;1;0
1244;1007.55;275;3;13;21;77;1;1
1245;1038.15;520;3;13;50;30;1;0
1246;1081.18;270;3;13;38;76;1;0
1247;1200.19;203;3;13;25;85;1;0
1248;1540.75;470;3;13;39;99;1;0
1249;2169.4;470;3;13;28;109;1;0
1250;2800.25;390;3;13;64;211;1;0
1251;4569.72;1050;3;13;48;165;1;0
1252;317.99;154.4;4;13;70;39;1;0
1253;1483.94;189;4;13;30;48;1;0
1254;1489.71;290;4;13;21;103;1;0
1255;1552.85;380;4;13;45;37;1;0
1256;1651.27;205;4;13;60;194;1;0
1257;6108.72;630;4;13;27;151;1;1
1258;3714.76;910;5;13;42;84;1;0
1259;381.71;100;6;13;19;38;1;0
1260;482.75;200;6;13;36;13;1;0
1261;7908.38;1480;6;13;50;152;1;1
1262;295.39;71;7;13;49;28;1;0
1263;11419.8;1837;7;13;33;148;1;0
1264;8003.7;1770;8;13;28;37;1;0
1265;1872.15;450;9;13;31;75;1;0
1266;2114.36;640;9;13;48;46;1;0
1267;3916.71;1380;9;13;46;45;1;0
1268;2209.93;710;10;13;34;51;1;0
1269;6301.53;985;10;13;61;158;1;0
1270;959.11;290;11;13;40;31;1;1
1271;2290.93;300;11;13;48;81;1;1
1272;3697.29;575;11;13;48;132;1;1
1273;4892.73;765.2;11;13;68;180;1;1
1274;12236.01;4000;11;13;42;66;1;0
1275;4339;870;12;13;60;172;1;0
1276;17574.67;4250;15;13;23;234;2;0
1277;11255.16;3210;18;13;56;132;1;1
1278;62.85;30;2;14;32;8;1;0
1279;99.65;16;2;14;62;21;1;0
1280;147;30;2;14;71;16;1;0
1281;184.95;40;2;14;56;71;1;1
1282;298.55;120;2;14;32;61;1;0
1283;314.12;150;2;14;28;30;1;0
1284;391.63;90;2;14;63;54;1;0
1285;468;130;2;14;28;46;1;0
1286;549.23;160;2;14;56;99;1;1
1287;583.45;120;2;14;44;65;1;0
1288;587.12;110;2;14;25;41;1;0
1289;627.44;89;2;14;50;54;1;1
1290;670.53;230;2;14;33;77;1;0
1291;676.56;240;2;14;29;101;1;1
1292;679.64;100;2;14;48;69;1;0
1293;903.96;220;2;14;61;126;1;0
1294;954.82;115;2;14;36;73;1;0
1295;1208.35;550;2;14;63;36;1;1
1296;1234.15;350;2;14;40;192;1;0
1297;1242.83;250;2;14;20;155;1;0
1298;1424.22;500;2;14;45;52;1;1
1299;1725.67;270;2;14;38;69;1;0
1300;1841.15;500;2;14;38;43;1;0
1301;3077.44;1000;2;14;55;139;1;0
1302;4848.3;1000;2;14;51;133;1;1
1303;192.84;54;3;14;40;47;1;1
1304;238;85;3;14;28;48;1;1
1305;406.37;200;3;14;43;37;1;1
1306;518.05;90;3;14;21;40;1;0
1307;604.65;230;3;14;27;107;1;0
1308;771.92;190;3;14;39;76;1;0
1309;869.89;150;3;14;44;67;1;1
1310;957.47;310;3;14;61;58;1;1
1311;1006.75;236;3;14;65;233;1;1
1312;1028;170;3;14;37;107;1;0
1313;1053.75;300;3;14;60;60;1;0
1314;1273.44;430;3;14;59;79;1;0
1315;1301.25;190;3;14;53;79;1;0
1316;1595.65;720;3;14;22;47;1;0
1317;1813.13;310;3;14;51;136;1;0
1318;1985.64;370;3;14;57;194;1;1
1319;2944.15;860;3;14;39;138;1;0
1320;3114.91;1120;3;14;44;53;1;0
1321;4573.71;950;3;14;59;66;1;1
1322;5575.4;1480;3;14;55;194;1;1
1323;5728;760;3;14;32;304;1;0
1324;39295.9;5550;3;14;40;337;2;0
1325;206.35;65;4;14;22;17;1;0
1326;309.91;112;4;14;43;36;1;1
1327;329.68;83;4;14;62;36;1;1
1328;668.14;120;4;14;51;54;1;0
1329;972.55;275;4;14;27;47;1;0
1330;1688.62;450;4;14;70;110;1;0
1331;2235.2;670;4;14;37;44;1;0
1332;4031.32;750;4;14;37;68;1;1
1333;4095.5;880;4;14;36;55;1;0
1334;4277.64;310;4;14;33;134;1;0
1335;6011.36;1161;4;14;42;208;1;1
1336;7014.27;1540;4;14;49;102;1;1
1337;7675.65;626;4;14;58;65;1;1
1338;21011.6;2490;4;14;53;540;2;1
1339;75.51;14;5;14;62;33;1;1
1340;1098.66;401;5;14;75;31;1;1
1341;1207.91;385;5;14;42;63;1;0
1342;1280.7;230;5;14;68;98;1;1
1343;1330.05;254;5;14;38;119;1;0
1344;2218.04;691;5;14;42;69;1;0
1345;4042.31;440;5;14;56;157;1;1
1346;5395.81;690.1;5;14;42;55;1;0
1347;8286.65;2030;5;14;34;180;1;0
1348;16611.25;3170;5;14;28;39;1;0
1349;857.43;170;6;14;42;72;1;1
1350;1569.59;400;6;14;56;48;1;0
1351;2918.95;660;6;14;38;61;1;0
1352;9586.24;2230;6;14;48;293;1;0
1353;12939.82;3164;6;14;52;348;1;1
1354;45343.68;6450;6;14;61;295;2;1
1355;6000.48;1640;7;14;34;234;1;0
1356;6838.96;1036;7;14;76;214;1;1
1357;1253.43;375;8;14;56;123;1;0
1358;2778.29;540;8;14;39;90;1;0
1359;9572.92;1360;8;14;34;171;1;0
1360;10433.65;1955;8;14;65;115;1;0
1361;14601.71;2930;9;14;49;76;1;0
1362;969.67;320;10;14;29;42;1;1
1363;1733.2;534.2;10;14;36;100;1;1
1364;2049.7;92;10;14;20;35;1;0
1365;2625.21;820;10;14;34;176;1;0
1366;4036.24;1090;10;14;55;140;1;0
1367;2865.45;293;11;14;40;59;1;0
1368;3106.37;635;11;14;71;92;1;1
1369;10704.78;1440;11;14;35;232;1;1
1370;11564.58;2107;11;14;42;162;1;1
1371;6238.88;1105;12;14;64;176;1;0
1372;13599.15;3233;12;14;62;169;1;1
1373;16582.73;3030;12;14;67;266;1;1
1374;25824.52;3860;12;14;57;398;2;0
1375;14506.61;2861;23;14;44;130;1;1
1376;35.3;25;2;15;24;8;1;0
1377;38.18;10;2;15;39;17;1;0
1378;53.58;15;2;15;44;13;1;0
1379;62.94;30;2;15;38;19;1;1
1380;84;50;2;15;20;42;1;0
1381;86.6;60;2;15;66;10;1;0
1382;159.5;40;2;15;26;17;1;0
1383;192.41;40;2;15;32;42;1;0
1384;345.47;110;2;15;70;34;1;0
1385;364.19;100;2;15;38;41;1;0
1386;365.86;110;2;15;58;59;1;1
1387;429.43;292;2;15;55;40;1;0
1388;977.88;130;2;15;53;104;1;1
1389;1986.23;650;2;15;39;51;1;0
1390;2233.14;600;2;15;68;75;1;0
1391;2326.4;500;2;15;49;62;1;1
1392;17.48;5;3;15;18;3;1;1
1393;78.07;30;3;15;24;39;1;1
1394;163.2;40;3;15;32;58;1;1
1395;235.09;50;3;15;64;38;1;0
1396;251.94;90;3;15;20;35;1;1
1397;318.3;200;3;15;20;44;1;0
1398;353.69;30;3;15;62;74;1;0
1399;732.35;160;3;15;38;124;1;0
1400;873.05;150;3;15;38;79;1;0
1401;1328.3;540;3;15;40;25;1;0
1402;1511.9;400;3;15;58;83;1;1
1403;1620.51;615;3;15;59;153;1;1
1404;2167.6;310;3;15;50;73;1;0
1405;2956.91;522;3;15;60;145;1;1
1406;3078.17;610;3;15;56;120;1;0
1407;3884.35;270;3;15;26;98;1;0
1408;255.58;65;4;15;62;31;1;0
1409;378.5;67.5;4;15;28;46;1;0
1410;499.86;90;4;15;67;30;1;1
1411;685.95;100;4;15;68;105;1;0
1412;774.34;170;4;15;29;38;1;1
1413;805.07;180;4;15;47;56;1;1
1414;842.31;207;4;15;41;52;1;0
1415;3596.37;960;4;15;44;91;1;0
1416;15015.82;1420;4;15;44;136;1;0
1417;15672.61;4470;4;15;52;157;1;1
1418;285.83;170;6;15;20;51;1;0
1419;351.65;50;6;15;54;34;1;0
1420;819.48;180;6;15;71;40;1;0
1421;1268.58;240;6;15;55;66;1;0
1422;1718.61;665;6;15;59;63;1;0
1423;2703.48;700;6;15;52;153;1;1
1424;10224.44;1855;6;15;43;117;1;1
1425;31701.7;6710;6;15;34;258;2;0
1426;2610.07;370;7;15;37;85;1;1
1427;5705.64;1090;7;15;57;133;1;0
1428;5945.18;1275;7;15;35;129;1;0
1429;2823.72;950;8;15;79;106;1;0
1430;3963.15;563;8;15;19;85;1;0
1431;11096.64;2400;8;15;57;202;1;0
1432;1234.52;270;9;15;62;48;1;1
1433;1303.59;290;10;15;53;142;1;0
1434;2370.87;1014;10;15;44;99;1;0
1435;5403.6;1100;10;15;48;121;1;0
1436;9925.66;1480;10;15;58;91;1;0
1437;27347.28;4471;10;15;46;95;2;1
1438;167.2;58;11;15;47;9;1;1
1439;484.22;104;11;15;55;47;1;0
1440;13860.1;1565;11;15;28;200;1;0
1441;18330.4;2940;11;15;39;86;2;0
1442;3971.63;760;12;15;53;74;1;0
1443;1982.6;360;13;15;24;70;1;0
1444;6939.49;2405;15;15;27;54;1;0
1445;35328.64;8574.03;35;15;52;194;2;1
1446;55.45;20;2;16;56;12;1;0
1447;94.8;40;2;16;27;31;1;0
1448;107.09;50;2;16;73;26;1;1
1449;168.12;40;2;16;40;38;1;1
1450;217.29;100;2;16;47;32;1;0
1451;285.7;187;2;16;68;23;1;0
1452;325.17;130;2;16;57;71;1;0
1453;709.01;140;2;16;34;75;1;1
1454;823.7;240;2;16;53;19;1;0
1455;2508.12;640;2;16;42;75;1;0
1456;3387.72;980;2;16;33;84;1;0
1457;7344.66;1342;2;16;42;157;1;1
1458;9197.95;1670;2;16;25;185;1;0
1459;16616.33;3150;2;16;34;372;1;0
1460;113.48;40;3;16;55;23;1;1
1461;446.44;58;3;16;51;86;1;1
1462;756.3;415;3;16;44;46;1;1
1463;928.16;180;3;16;28;118;1;0
1464;961.82;100;3;16;45;60;1;0
1465;1113.81;220;3;16;29;105;1;1
1466;1207.47;220;3;16;35;75;1;1
1467;1665.82;385;3;16;36;74;1;1
1468;5262.8;560;3;16;33;94;1;1
1469;151.63;60;4;16;35;20;1;1
1470;638.35;230;4;16;39;19;1;1
1471;739.71;380;4;16;44;38;1;0
1472;1541.22;190;4;16;29;49;1;0
1473;1556.97;380;4;16;49;107;1;0
1474;2854.06;350;4;16;50;227;1;0
1475;293.7;130;5;16;33;13;1;0
1476;757.8;185;5;16;61;64;1;1
1477;2386.4;850;5;16;61;70;1;0
1478;4047.71;629;5;16;65;257;1;0
1479;4020.76;1000;6;16;45;127;1;0
1480;4054;1200;6;16;59;112;1;0
1481;7774.5;1080;6;16;40;84;1;0
1482;3234.34;295;7;16;30;122;1;0
1483;7895.89;2132;10;16;58;213;1;0
1484;6510;1450.9;11;16;58;107;1;0
1485;40265.54;5340;17;16;31;209;2;1
1486;1801.49;850;18;16;45;59;1;0
1487;28667.48;7580;21;16;51;181;2;1
1488;58.7;40;2;17;63;6;1;0
1489;75.35;30;2;17;40;10;1;0
1490;155.2;40;2;17;22;9;1;0
1491;175.2;140;2;17;39;48;1;1
1492;209.33;40;2;17;50;33;1;0
1493;683.28;170;2;17;50;93;1;0
1494;993.94;160;2;17;37;59;1;0
1495;1420.99;180;2;17;40;250;1;0
1496;383.4;120;3;17;60;59;1;1
1497;589.14;143;3;17;48;44;1;1
1498;737.6;120;3;17;47;15;1;0
1499;777.19;130;3;17;57;41;1;1
1500;1162.44;400;3;17;56;146;1;0
